product_code,color,weight_kg,income_usd,sqft,house_price,product_category,product_id
C-17,Red,70.01813611194676,5000000.0,2646.6448574301126,415466.53192899295,C,17
A-97,Red,77.55935281791652,21725.06723027196,4497.270419417669,676977.4820476256,A,97
C-72,Red,89.33542629429991,3305.201702145547,3060.9442194568433,457006.90654945315,C,72
C20,Red,74.13874837250808,40098.4647020242,4892.441397080417,735251.2891859469,C,20
A90,Red,75.67768367757625,18618.839264699254,3407.741582163841,518803.75931066636,A,90
A17,Red,71.4818173137915,21725.06723027196,1895.3962636252822,284417.4211918893,A,17
C-44,Red,81.72435782392242,13740.18814219464,4287.162547377797,651893.6812105019,C,44
B44,Red,75.3140001096033,27370.100608427674,2380.330511289547,354706.2381853102,B,44
C42,Red,77.49105676964324,13740.768226329155,2390.476857930734,351091.8287913452,C,42
C-14,Red,88.08956829020163,12629.856509534504,1127.2187259406605,154496.947892861,C,14
C-50,Green,72.26984301219349,8980.076396260154,3194.8612368296344,499199.2670928746,C,50
C-37,Red,70.98266839327326,101298.81145549654,3137.694014930092,490494.0235163632,C,37
A16,Red,74.46289348001918,31790.07512596643,2423.9659370879444,354706.2381853102,A,16
C-82,Red,81.36242317119263,27159.89899105398,4576.8690515837025,676404.177028425,C,82
B81,Red,75.01426757026081,9176.84013024315,1514.9935931985756,251147.82170196957,B,81
A-21,Red,80.60638578821411,17416.123018286202,2320.3980532406217,356512.99874521804,A,21
B43,Red,63.31025172683315,8207.230330203318,2286.331058720116,340817.58753896574,B,43
B42,Red,61.319157745955124,13478.302796704029,1369.1623449149843,206969.68579455485,B,42
B-57,Blue,64.54962384652909,6573.999054756493,2924.5815762251727,443202.3958539656,B,57
B32,Red,70.98266839327326,107919.85337145253,3751.138868384332,569108.8562746929,B,32
A71,Blue,71.10299578633422,10332.958391924527,3046.6280541890446,463833.82450310123,A,71
A97,Red,65.69974614150084,9181.27329478607,1627.910730864775,242741.36877617717,A,97
B-46,Red,82.30211353644378,5851.127896705217,2509.14386096829,383052.5886628106,B,46
B-53,Red,70.98266839327326,10186.254968689525,1010.3800975345862,149664.93803523114,B,53
A95,Red,70.98266839327326,13428.123730657662,4473.204428142348,676773.6985900744,A,95
A44,Red,60.18799664762451,20963.129745710456,1338.0680307227276,205683.1223867169,A,44
A-74,Red,57.6176914885165,11552.738539153788,3389.1123290217224,515995.3222612396,A,74
C-56,Red,61.753486723489274,4444.350379717707,4945.02798346726,748133.8645102986,C,56
C87,Red,89.51280085735755,21725.06723027196,3146.36258394933,467530.0638432866,C,87
C-12,Red,69.59914862626997,43462.7561186305,4696.167036429732,709012.1571800499,C,12
B10,Red,75.29435511653803,19481.31832723079,1944.4661324696172,298203.91724959144,B,10
C14,Red,68.1610826227198,42145.92335741661,4039.8216357503425,593062.0014730643,C,14
B23,Red,69.09921366819793,21725.06723027196,3125.0630158941362,467217.2277319097,B,23
B36,Blue,64.94119946765706,21725.06723027196,3882.0642455658594,588390.7757470623,B,36
C-18,Red,70.50743958855266,21725.06723027196,1249.3654500449659,204497.7424540411,C,18
B88,Red,74.94599891881714,21725.06723027196,1590.9563676249068,246892.45700502335,B,88
C24,Red,86.78305509822896,21725.06723027196,1532.467714349913,247593.9370222629,C,24
C-51,Red,51.25531125140488,14080.863778594396,3748.662021613324,558315.5693402292,C,51
A-86,Red,86.10820309392503,30965.075490167124,4377.762690534515,659166.3085026536,A,86
C60,Red,70.98266839327326,21725.06723027196,3998.4649280343497,584903.2785727953,C,60
A72,Green,66.32237217346973,86888.22456991798,1121.8886109343766,145019.77450515874,A,72
C-61,Blue,70.98266839327326,21725.06723027196,4468.859924298893,685437.0208259792,C,61
C13,Blue,80.4367564536875,69809.953020917,2416.5866831725016,343878.90366732876,C,13
A32,Red,72.2897853818854,15138.392893133625,2588.65533001633,376691.4487495843,A,32
A24,Red,54.65934881301072,11002.23866960297,1419.4766661299236,219789.817824915,A,24
C52,Red,73.63069603337308,21725.06723027196,3949.6208243752762,569047.1936311425,C,52
B-38,Red,81.44371535474684,31022.155384090598,1729.1355139038324,236479.7145162449,B,38
A-45,Red,78.57864658788466,148974.37741902174,3255.8603680753454,502703.8743858269,A,45
B22,Blue,63.73142130461846,30319.23409956189,4362.839943511724,655170.5018123791,B,22
B41,Red,56.579926959466434,26722.950964732743,1356.8173148482247,194713.9607823511,B,41
B80,Green,70.98266839327326,108677.81341966806,3141.342256062094,462382.5494588734,B,80
A-68,Red,102.53985126087606,40177.15960915679,1932.865646199205,287426.1900095864,A,68
B95,Blue,54.55001051403002,11564.84092644473,2371.707457113041,355628.67706207244,B,95
A37,Red,61.57264903513078,21725.06723027196,2895.879765722225,443296.93963448313,A,37
B75,Red,73.92041889732596,21725.06723027196,2420.417213117219,367858.3912119137,B,75
C51,Red,68.75474752406316,11507.482117069994,3595.291361166304,547564.5681291713,C,51
C54,Red,67.99795104268931,21725.06723027196,2918.3284070170007,447450.03883168736,C,54
A71,Red,90.24720998001007,8636.519730872893,3336.797938856677,506026.22182990855,A,71
C-66,Green,61.46740057962023,30735.490088810326,3947.2899015796515,588572.238033911,C,66
C15,Blue,69.85719452294906,17019.20745371441,3230.9690638017496,480392.147228644,C,15
B37,Red,72.01907441802796,679.8218553104629,3346.141738643036,501403.67094940244,B,37
A-37,Red,61.95263314924504,16843.78353525037,3257.8341700905653,507084.5562129569,A,37
B-53,Red,55.59347261193183,13122.55447250173,2515.0905038051574,373200.8282768758,B,53
B-93,Blue,72.69317654252539,53789.05916903599,2349.7873354876724,355073.390193891,B,93
B-39,Red,88.13666575878908,12540.784706934188,4598.589588580049,667340.4092099343,B,39
B71,Red,74.04582895117525,279081.12557592645,3430.220889174291,521291.2206765845,B,71
B-84,Red,70.90072586981661,89035.77896481998,1977.412621858618,319183.8760897241,B,84
B-98,Red,70.98266839327326,21725.06723027196,2992.9907913957604,439612.23761673487,B,98
B-71,Red,70.98266839327326,69537.6129602512,2321.393925123656,379953.510139816,B,71
A-10,Red,70.98266839327326,37242.71792278746,4734.767295039499,712037.5003024914,A,10
C-36,Green,64.94557726208137,27818.757336252613,1030.137452536299,128791.30546660142,C,36
B71,Red,70.98266839327326,49150.989401036895,1901.3311908501128,287426.1900095864,B,71
B86,Red,70.98266839327326,21725.06723027196,2461.4272786962306,363816.5081220548,B,86
B-12,Red,70.79009014244056,21725.06723027196,2951.2392032349517,462679.0525477408,B,12
B79,Red,80.60692463180301,50179.03135262142,4403.270071344585,667671.4961842045,B,79
B81,Green,72.37485251621939,21725.06723027196,1351.5504981605754,218408.518932876,B,81
B36,Red,66.82631214729356,28316.35897342692,4223.459546964574,621741.0766297625,B,36
C-18,Red,74.58441296561979,13991.4727679986,1222.6139574279014,176589.47774224612,C,18
C71,Red,71.86212343894626,2895.0832466292295,4369.256141192726,638593.828358891,C,71
B46,Red,70.98266839327326,156577.04559841382,1206.5419114980514,174930.65596478866,B,46
C-60,Red,83.26503887436773,16928.574762248136,1072.9699257134441,149112.039951458,C,60
A53,Red,60.45609871427005,37601.87856937029,3787.845849465686,570303.435043683,A,53
B-33,Red,46.604034363566015,148139.13862169237,4989.022139073577,757031.8112276683,B,33
A-88,Red,66.4846320137955,27656.120008744077,4586.441051896083,678601.0176094451,A,88
A68,Red,59.80658532759929,18130.11665556909,3303.99367122264,486843.8004152773,A,68
B41,Red,78.3195818657451,91096.34644360247,4669.582452342127,688679.0522660691,B,41
C97,Red,62.75666204652901,34917.27835782151,1021.2000255904217,147153.5257855101,C,97
A-61,Red,51.242213614360566,39581.04435451354,4900.2686517805705,748058.7894486865,A,61
B-71,Red,64.25798551192321,4802.246602223084,2962.995117035138,438175.0787114959,B,71
A67,Red,55.0802567454115,73564.30548424512,3891.5843864871026,581727.1743951138,A,67
A61,Red,70.98266839327326,32067.17075881983,4283.44589261341,646705.2780306964,A,61
A-21,Red,74.71641954448069,5588.18943585224,3873.8290833462147,577181.4805846573,A,21
A48,Blue,70.98266839327326,21725.06723027196,3140.146928179642,458672.59529157216,A,48
C-11,Blue,75.36026534904857,2800.2789776869067,2906.477936505648,424978.1322275263,C,11
A-12,Red,78.40171159278425,229114.05206669032,4354.330234810499,658527.1948056443,A,12
A65,Red,81.33342025069074,7318.386799007175,1820.3102405978366,259459.4209440549,A,65
A90,Red,64.60254640675406,110391.98005073731,4871.976266016937,744768.0841780286,A,90
C68,Red,55.80038367008309,9769.733349509828,3843.809915346993,572660.0233980649,C,68
A-11,Red,70.98266839327326,38569.83259763225,1798.027709353279,275866.3145726725,A,11
A11,Blue,69.5475037626068,21725.06723027196,3944.9887347939525,585444.1839787966,A,11
